,generation algorithm,turn_num,L_num,L_size,L_size_std,R_num,R_size,R_size_std,boader_l,neighbor_sum,correct_path_len,turn_pos_num,dead_end_num,T_num,cross_num,straight_len_std,straight_num,gorl_depth,depth_std,depth_max,depth_mean
0,AldousBroder,14,1,22,0,3,90,29.02872141,114,2,49,36,11,9,0,105,55,48,20.9414769,64,42
1,AldousBroder,15,3,46,8.37987006,5,70,14.02854233,165,8,45,36,11,9,0,105,55,44,15.95033615,60,34.36363636
2,AldousBroder,13,1,6,0,5,106,13.77534029,147,6,49,38,12,10,0,98,58,48,20.34903765,64,37.5
3,AldousBroder,15,2,48,8,4,60,10.72380529,142,4,53,34,9,7,0,111,49,52,16.7450011,60,35.77777778
4,AldousBroder,24,4,58,13.44432966,8,30,2.537222891,145,12,73,37,14,12,0,98,62,72,25.67616222,82,43.14285714
5,AldousBroder,21,5,66,14.83778959,3,18,2.828427125,123,6,77,34,12,8,1,106,54,76,21.07328483,78,37.5
6,AldousBroder,13,2,72,22,1,44,0,100,1,45,37,10,8,0,106,54,44,17.49171232,58,45.8
7,AldousBroder,19,3,40,14.63633227,4,64,23.10844002,126,5,57,41,11,9,0,100,60,56,16.735176,58,38.54545455
8,AldousBroder,16,3,28,10.37089946,3,80,16.51934892,135,2,53,42,11,9,0,99,61,52,20.04457842,76,35.81818182
9,AldousBroder,26,3,58,20.41785711,4,30,6.538348415,109,5,73,45,9,7,0,100,60,72,34.55108939,116,55.33333333
10,AldousBroder,15,4,88,29.15475947,3,28,3.771236166,115,4,45,39,13,7,2,100,60,44,13.62038153,54,34.15384615
11,AldousBroder,9,1,6,0,4,110,21.65063509,127,5,45,39,10,8,0,104,56,44,20.5143852,80,37.4
12,AldousBroder,15,4,92,22.02271555,3,20,3.399346342,133,5,49,37,14,12,0,97,61,48,18.56538363,60,40.42857143
13,AldousBroder,15,4,76,21.61018278,3,20,5.249338583,116,5,65,35,11,7,1,107,53,64,17.40143435,68,49.09090909
14,AldousBroder,29,3,16,1.885618083,5,44,6.013318551,113,5,101,36,9,7,0,109,51,100,37.78431316,108,55.11111111
15,AldousBroder,15,2,16,4,3,72,18.40289832,101,2,73,42,8,6,0,105,55,72,26.32489316,82,45
16,AldousBroder,13,1,12,0,3,104,24.23954528,111,2,45,41,10,8,0,102,58,44,21.55922077,84,44
17,AldousBroder,10,3,100,20.99735433,2,24,10,124,2,37,42,8,6,0,105,55,36,19.42775077,68,43.75
18,AldousBroder,11,2,8,2,4,104,25.33771892,132,4,49,36,8,6,0,111,49,48,17.80449381,72,42
19,AldousBroder,22,3,14,2.494438258,6,78,13.50308607,142,8,69,38,11,9,0,103,57,68,32.05470531,96,42.36363636
20,AldousBroder,20,4,84,19.67231557,2,12,2,118,4,65,35,10,8,0,107,51,64,23.32380758,84,48
21,AldousBroder,17,2,52,20,3,56,22.1710522,93,3,53,36,10,8,0,107,53,52,21.6,78,50.8
22,AldousBroder,21,5,96,19.41545776,1,8,0,125,5,57,42,10,8,0,101,59,56,13.76372043,66,46.4
23,AldousBroder,17,3,94,13.29995823,2,26,11,127,4,41,43,10,6,1,101,59,40,13.20757358,60,31.4
24,AldousBroder,17,2,4,0,5,76,16.61806246,117,1,81,28,11,9,0,113,47,80,28.40090791,92,61.45454545
25,AldousBroder,8,4,60,15.77973384,3,64,14.26728971,168,4,37,33,11,7,1,109,51,36,21.24084635,64,39.09090909
26,AldousBroder,12,2,98,45,1,2,0,68,1,61,33,12,10,0,106,54,60,20.31624965,64,42.5
27,AldousBroder,20,1,2,0,5,102,28.15386297,105,5,57,45,9,7,0,99,59,56,28.68991306,86,46
28,AldousBroder,14,3,104,30.91206165,2,4,0,103,3,53,43,8,6,0,104,56,52,37.21558813,116,55
29,AldousBroder,17,3,100,30.12566274,3,8,0.942809042,114,3,53,47,10,8,0,96,64,52,18.84250514,74,36.4
30,AldousBroder,13,5,110,29.17533205,1,2,0,127,5,49,34,11,9,0,107,53,48,20.86873576,70,41.63636364
31,AldousBroder,31,4,46,16.45448267,3,22,3.399346342,92,1,93,40,13,11,0,94,62,92,26.66558183,92,53.84615385
32,AldousBroder,8,4,98,25.62713406,2,26,5,138,5,37,37,10,8,0,106,54,36,23.66769951,84,38.8
33,AldousBroder,15,3,70,23.22833519,4,38,3.840572874,128,3,53,37,12,10,0,101,57,52,22.72052425,72,41.33333333
34,AldousBroder,26,4,32,4,4,40,4.69041576,112,3,89,44,11,9,0,96,62,88,25.15538488,98,55.45454545
35,AldousBroder,11,4,76,16.15549442,4,32,2.828427125,142,6,53,35,10,8,0,108,52,52,17.7549993,62,37.4
36,AldousBroder,21,4,50,4.974937186,2,34,13,118,3,77,37,7,5,0,112,48,76,31.50380605,98,57.71428571
37,AldousBroder,27,5,42,7.418894796,4,34,10.13656747,145,4,85,44,10,8,0,99,61,84,28.67821473,92,56.6
38,AldousBroder,17,1,16,0,4,96,35.80502758,94,3,49,40,10,8,0,102,56,48,36.6611511,106,52.6
39,AldousBroder,12,1,80,0,3,36,9.092121131,105,2,45,46,8,6,0,101,59,44,13.56235599,72,48.75
40,AldousBroder,4,3,124,7.363574011,0,0,0,112,3,37,31,9,7,0,114,46,36,19.3677854,66,42.66666667
41,AldousBroder,19,3,92,32.05550741,2,12,4,94,2,57,44,8,6,0,103,57,56,27.82085549,84,49
42,AldousBroder,39,3,30,2.828427125,2,6,1,64,0,125,46,6,4,0,105,55,124,49.9421888,136,75.33333333
43,AldousBroder,18,4,48,16.18641406,4,48,6.782329983,123,5,65,40,12,10,0,94,60,64,19.37567203,64,43.5
44,AldousBroder,25,4,86,30.4097024,1,6,0,95,3,69,42,10,6,1,99,57,68,18.33030278,68,40
45,AldousBroder,21,3,46,6.798692685,5,46,8.255906976,126,8,69,41,10,8,0,102,58,68,27.10276739,84,37.2
46,AldousBroder,20,4,26,3.570714214,2,62,29,108,3,73,36,11,9,0,105,55,72,19.8423539,78,38.90909091
47,AldousBroder,13,1,8,0,4,108,26.77685568,116,3,45,36,12,10,0,102,56,44,26.72493634,96,49.33333333
48,AldousBroder,19,3,82,18.20866704,2,14,5,116,2,65,47,7,5,0,102,58,64,22.02410553,86,54.28571429
49,AldousBroder,20,2,18,7,5,62,11.27120224,121,4,81,33,11,9,0,105,51,80,35.61502144,102,55.45454545
50,AldousBroder,23,6,88,16.67999467,0,0,0,108,5,73,39,10,8,0,103,55,72,32.9417668,106,61.8
51,AldousBroder,18,3,54,14.96662955,2,54,21,109,2,53,43,9,7,0,102,58,52,16.43242804,62,42.44444444
52,AldousBroder,18,3,32,6.18241233,3,76,17.91337179,119,4,53,43,13,11,0,94,66,52,17.46136903,70,37.84615385
53,AldousBroder,22,3,64,14.81740718,2,16,6,110,3,81,36,8,6,0,111,49,80,36.5709926,112,75.75
54,AldousBroder,11,5,56,9.086253353,3,68,12.36482466,166,8,37,40,9,7,0,105,55,36,10.98596186,54,36.44444444
55,AldousBroder,21,4,68,10.04987562,1,20,0,123,2,73,46,8,6,0,101,59,72,25.27844932,98,51
56,AldousBroder,18,4,28,5.385164807,4,76,20.51828453,148,7,57,37,12,10,0,97,57,56,24.86407493,78,41.33333333
57,AldousBroder,28,5,46,9.431860898,3,42,14.23610434,129,7,73,46,9,7,0,99,61,72,34.91930733,100,53.55555556
58,AldousBroder,11,3,88,31.59465496,1,20,0,116,2,53,31,11,9,0,109,49,52,37.50482063,108,59.45454545
59,AldousBroder,22,2,14,1,4,78,15.64448785,125,3,69,40,8,6,0,107,53,68,25.78638206,84,60.75
60,AldousBroder,15,3,46,8.055363982,4,62,9.630680142,152,5,53,35,11,9,0,105,53,52,14.25621512,64,45.81818182
61,AldousBroder,22,3,22,4.109609335,2,66,31,92,2,73,44,8,6,0,103,57,72,40.37325848,110,66
62,AldousBroder,18,4,54,7.921489759,3,54,11.77568116,131,5,53,42,10,8,0,101,59,52,17.8089865,68,44.2
63,AldousBroder,31,3,36,10.19803903,4,20,3.31662479,96,2,105,35,11,9,0,103,53,104,31.35507129,104,63.63636364
64,AldousBroder,17,3,30,5.887840578,1,62,0,78,0,69,37,6,4,0,114,46,68,28.90021146,108,67.66666667
65,AldousBroder,22,1,22,0,4,78,12.51998403,134,4,61,40,11,9,0,100,58,60,26.21714788,80,49.45454545
66,AldousBroder,27,4,20,3,4,52,9.433981132,134,6,89,34,9,7,0,111,49,88,34.4666595,116,50.22222222
67,AldousBroder,18,4,74,17.22643318,4,30,6.224949799,141,7,57,31,15,13,0,101,57,56,21.33999896,66,37.73333333
68,AldousBroder,12,3,94,6.18241233,2,22,1,125,3,45,39,10,8,0,104,56,44,17.68162888,66,37.6
69,AldousBroder,12,4,108,23.08679276,2,4,0,133,5,49,38,10,8,0,102,54,48,27.80215819,94,45.2
70,AldousBroder,7,3,116,17.98765008,1,8,0,119,3,37,38,10,8,0,105,55,36,16.44992401,64,29
71,AldousBroder,13,1,24,0,3,92,30.91206165,103,2,45,41,9,7,0,104,56,44,30.13713513,102,48.44444444
72,AldousBroder,15,4,92,17.29161647,1,8,0,100,3,61,44,9,7,0,101,59,60,29.18142484,84,44.66666667
73,AldousBroder,9,3,116,19.75404319,1,4,0,124,2,41,38,10,8,0,105,55,40,22.36872817,72,38.2
74,AldousBroder,9,3,54,18.40289832,1,70,0,96,2,37,39,9,7,0,106,54,36,23.23046106,86,54.88888889
75,AldousBroder,8,4,66,16.75559608,2,58,19,145,4,37,33,10,8,0,110,50,36,21.16695538,78,37.4
76,AldousBroder,20,3,30,5.887840578,2,38,1,112,1,93,35,8,6,0,97,47,92,28.37142048,92,55.25
77,AldousBroder,32,4,32,6.633249581,5,28,4.45421149,122,5,101,33,11,9,0,103,51,100,33.51378155,100,46.90909091
78,AldousBroder,18,2,102,33,2,6,1,89,1,53,43,9,7,0,102,58,52,34.73213192,110,59.11111111
79,AldousBroder,24,5,28,5.425863987,2,60,6,102,2,73,46,9,7,0,99,61,72,21.14500204,74,40.66666667
80,AldousBroder,19,3,74,32.05550741,4,30,3.840572874,112,4,57,37,13,11,0,100,60,56,33.62374478,110,54.46153846
81,AldousBroder,17,2,100,10,2,4,0,109,1,57,39,10,8,0,99,55,56,25.64371268,92,46
82,AldousBroder,15,1,22,0,3,86,16.43843734,137,2,53,42,9,7,0,103,57,52,20.82258982,78,31.55555556
83,AldousBroder,15,1,60,0,3,56,5.734883511,107,2,45,47,9,7,0,97,61,44,31.3750707,100,44.22222222
84,AldousBroder,11,3,64,10.49867717,4,48,11.74734012,137,4,49,41,10,8,0,102,58,48,22.83943957,66,34.6
85,AldousBroder,12,3,40,4.988876516,3,80,2.494438258,152,5,41,33,11,7,1,109,51,40,12.41965917,60,37.45454545
86,AldousBroder,13,0,0,0,2,112,46,69,1,49,38,9,7,0,107,53,48,29.42074518,90,63.55555556
87,AldousBroder,16,2,94,21,1,10,0,98,1,57,41,7,5,0,105,51,56,27.4196414,98,57.14285714
88,AldousBroder,35,3,56,18.20866704,3,8,0.942809042,98,3,97,42,11,9,0,98,60,96,36.60194639,110,55.45454545
89,AldousBroder,13,5,96,20.61455796,2,20,8,150,5,45,35,11,7,1,107,53,44,25.66922459,82,44
90,AldousBroder,14,3,24,5.887840578,4,88,23.70653918,144,4,49,37,10,8,0,106,54,48,29.14858487,98,38.6
91,AldousBroder,20,1,2,0,4,94,20.56088519,120,3,65,40,11,9,0,100,58,64,27.34656671,86,48.72727273
92,AldousBroder,12,3,90,26.73325021,3,30,7.483314774,131,3,41,39,12,10,0,100,60,40,15.13274595,62,33
93,AldousBroder,7,3,118,45.9081208,1,6,0,85,2,37,39,8,6,0,105,51,36,34.21622422,116,47.5
94,AldousBroder,20,1,48,0,1,44,0,97,0,69,38,9,7,0,100,52,68,30.92803275,92,57.11111111
95,AldousBroder,14,2,62,29,3,38,6.599663291,85,3,61,33,10,8,0,109,49,60,23.38289973,74,49.8
96,AldousBroder,16,3,32,10.87300429,5,60,8.197560613,124,6,69,32,10,8,0,111,49,68,26.51490147,94,47.6
97,AldousBroder,22,3,26,6.599663291,4,74,18.56744463,115,5,61,48,9,7,0,97,63,60,26.09574016,96,56.88888889
98,AldousBroder,13,4,106,35.61951712,2,14,3,110,4,41,40,12,10,0,99,61,40,33.4149002,100,50.33333333
99,AldousBroder,10,1,8,0,4,108,20.61552813,142,4,45,37,12,10,0,102,58,44,17.23288201,66,40.83333333
100,Division,9,5,98,21.62960934,6,22,1.795054936,147,13,41,24,22,18,1,91,63,40,16.70848748,64,34.90909091
101,Division,9,8,84,13.62901317,3,40,13.29995823,144,13,37,21,25,15,4,96,64,36,10.61440531,48,30.88
102,Division,13,4,96,28.39013913,4,16,2.449489743,104,7,49,26,22,14,3,96,64,48,19.68596429,80,45.09090909
103,Division,16,10,52,5.810335619,5,60,11.3137085,198,21,49,21,21,15,2,97,57,48,15.38854302,52,29.04761905
104,Division,18,5,84,29.6,6,24,3.651483717,116,12,53,29,24,18,2,88,72,52,14.27093978,64,46.41666667
105,Division,10,8,86,16.64143924,6,38,4.678556283,189,23,37,27,23,19,1,91,69,36,16.11489935,60,28.69565217
106,Division,10,5,64,12.99846145,4,56,8.602325267,162,13,41,22,22,16,2,99,61,40,15.65221184,56,28.90909091
107,Division,9,5,24,3.487119155,8,100,21.18372016,156,21,37,19,26,16,4,96,64,36,10.58663889,46,29
108,Division,15,8,86,10.85990331,5,26,4.489988864,179,17,49,28,22,16,2,92,66,48,14.3547153,58,36.81818182
109,Division,13,6,16,1.490711985,6,100,28.39405259,129,13,45,23,23,19,1,92,64,44,13.39582081,52,29.82608696
110,Division,13,5,54,8.634813258,4,66,12.03120942,158,12,41,25,19,15,1,100,58,40,12.04515972,52,30.42105263
111,Division,19,5,26,5.455272679,7,74,13.80328266,158,14,61,29,21,15,2,91,65,60,14.23100636,60,25.61904762
112,Division,20,8,32,3.31662479,8,68,16.45448267,152,18,61,22,25,19,2,93,67,60,18.90845314,84,43.52
113,Division,9,3,14,2.494438258,3,106,31.67894499,95,4,41,27,23,19,1,90,68,40,11.46375895,46,27.13043478
114,Division,14,7,60,11.3999642,4,52,7.681145748,146,12,49,29,18,14,1,99,61,48,12.99572579,58,34.66666667
115,Division,8,5,24,2.039607805,2,100,46,105,6,37,26,21,13,3,98,62,36,20.73786288,70,41.80952381
116,Division,5,5,110,23.46060528,3,18,2.828427125,164,6,33,20,19,13,2,96,52,32,9.718474853,34,23.15789474
117,Division,5,5,116,28.41408102,3,12,2.828427125,123,10,33,25,19,15,1,101,59,32,11.03507377,48,28.73684211
118,Division,10,6,42,10.31180553,5,74,15.52288633,142,15,45,26,21,17,1,95,63,44,16.56485912,62,38.28571429
119,Division,12,6,64,14.17352775,7,32,2.55550626,159,15,65,26,17,13,1,95,55,64,14.19391165,64,43.05882353
120,Division,10,4,48,9.486832981,5,80,18.46076921,146,11,33,23,25,19,2,92,68,32,12.72829918,54,27.52
121,Division,17,4,20,3,6,84,16.28905563,132,11,57,29,20,16,1,95,65,56,14.28950664,58,33.9
122,Division,10,6,100,31.04119127,5,24,2.4,129,13,37,20,22,14,3,102,58,36,12.23090517,58,32.63636364
123,Division,13,6,78,12.89702808,7,38,3.958973274,177,20,45,22,27,21,2,88,70,44,14.77067498,58,29.11111111
124,Division,10,7,80,17.68661433,7,32,2.32115383,159,13,49,18,23,15,3,101,57,48,11.80817057,48,32.95652174
125,Division,5,0,0,0,5,120,30.03997337,111,8,41,21,20,14,2,89,55,40,10.36291465,44,28.9
126,Division,15,5,92,25.87353861,4,12,1,116,10,57,28,16,14,0,103,57,56,17.36195554,68,47.25
127,Division,13,6,86,16.82920742,4,22,3.840572874,154,12,53,26,18,16,0,101,59,52,14.54834427,54,34.88888889
128,Division,14,4,72,22.3159136,8,36,2.598076211,139,12,53,21,23,19,1,97,63,52,20.81732592,74,45.82608696
129,Division,8,6,56,11.58543146,3,68,17.4610678,131,10,37,17,28,16,5,95,65,36,8.949689312,40,23.21428571
130,Division,19,8,42,7.137051212,6,62,16.86877457,147,16,57,25,23,19,1,92,66,56,23.67645812,72,37.65217391
131,Division,9,2,16,6,4,104,21.40093456,113,4,41,33,17,13,1,97,63,40,12.53479586,58,33.76470588
132,Division,9,4,78,30.31088913,5,42,8.890444308,139,9,41,21,24,20,1,84,64,40,10.66634114,40,22.25
133,Division,6,6,58,13.58512258,6,70,7.340905182,161,14,33,25,25,19,2,89,69,32,10.03992032,42,24.4
134,Division,17,10,66,11.17318218,7,38,2.969229956,193,32,57,26,24,16,3,91,67,56,13.67454041,56,28.91666667
135,Division,12,8,90,16.36879653,7,26,2.710523709,175,15,45,21,23,15,3,99,61,44,17.75659839,68,33.91304348
136,Division,10,6,70,12.13351648,4,54,10.89724736,162,12,37,25,23,17,2,93,65,36,8.354164261,40,27.65217391
137,Division,8,8,34,3.799671038,9,86,12.13911136,188,25,41,18,27,17,4,94,64,40,15.28979325,56,27.33333333
138,Division,10,4,74,25.15452246,6,42,7.895146188,133,9,45,27,22,12,4,91,63,44,11.12958978,44,26.36363636
139,Division,10,7,66,13.92692298,5,54,10.47664068,148,15,41,21,25,19,2,93,65,40,12.73382896,50,27.36
140,Division,10,6,100,23.45681611,5,12,0.8,143,11,49,14,25,19,2,100,58,48,9.237835244,50,36.32
141,Division,7,2,8,2,3,116,47.67482448,85,3,37,28,21,11,4,90,62,36,17.16189419,64,44.57142857
142,Division,13,6,40,6.394442031,5,68,12.48358923,155,11,53,20,23,17,2,90,60,52,12.66882216,52,28.60869565
143,Division,18,7,74,14.80209583,5,26,2.712931993,152,13,61,29,21,17,1,92,66,60,14.55243082,60,37.52380952
144,Division,13,2,10,1,4,102,38.40247388,89,4,49,23,19,13,2,104,56,48,12.01753105,52,30
145,Division,13,6,56,6.289320755,5,48,8.890444308,148,11,57,25,18,12,2,101,55,56,13.95229969,56,31.33333333
146,Division,14,5,42,5.851495535,5,78,16.84755175,173,14,41,22,22,18,1,98,62,40,18.07056874,70,38
147,Division,9,6,80,22.67646847,4,44,14.45683229,136,14,37,24,24,20,1,92,68,36,13.52672252,52,26.83333333
148,Division,13,5,110,18.76166304,1,2,0,103,5,49,24,21,17,1,95,61,48,17.04469249,52,31.61904762
149,Division,16,9,26,1.369869778,5,78,17.59090674,148,12,57,26,24,16,3,91,67,56,18.70754453,68,39.16666667
150,Division,8,5,42,11.8253964,5,86,18.99894734,135,10,33,15,28,16,5,92,62,32,9.234750254,36,21.07142857
151,Division,17,6,60,7.831560083,8,48,4.242640687,190,18,53,23,19,13,2,104,56,52,17.89287916,68,37.05263158
152,Division,9,6,50,11.51327736,6,78,14.59451952,166,16,33,23,24,16,3,95,65,32,8.286116233,40,23.58333333
153,Division,16,6,98,30.27466855,6,14,0.745355992,118,11,49,27,26,18,3,87,73,48,12.46913349,52,31.53846154
154,Division,10,4,78,26.88401012,6,42,2.768874621,156,15,41,28,18,14,1,93,59,40,14.38835263,56,33.44444444
155,Division,13,6,96,18.40289832,3,8,0.942809042,145,11,57,25,18,14,1,88,56,56,13.96114538,56,36.44444444
156,Division,15,6,22,2.426703296,5,90,30.01333037,128,12,49,28,19,17,0,96,62,48,26.05130246,86,43.47368421
157,Division,9,6,76,20.31966754,4,48,17.32050808,135,13,37,22,22,18,1,97,61,36,12.50322273,56,27.81818182
158,Division,14,7,56,10.74376896,7,56,6.414269806,183,19,49,22,24,18,2,94,64,48,14.30593311,60,32.41666667
159,Division,14,5,88,25.3424545,4,24,4.898979486,139,12,49,21,19,15,1,96,54,48,16.98883453,68,35.89473684
160,Division,10,3,8,0.942809042,9,112,25.34697488,139,18,41,18,28,20,3,92,68,40,20.08807139,66,36.42857143
161,Division,14,11,94,12.0933012,5,14,0.979795897,182,25,53,25,23,17,2,93,65,52,15.32804489,56,31.91304348
162,Division,17,7,76,20.89038447,7,32,4.746642207,141,19,53,29,24,18,2,87,71,52,23.35950913,80,44
163,Division,6,7,92,15.22618582,7,36,4.882287854,167,17,33,25,27,17,4,87,71,32,9.813067629,40,24
164,Division,10,5,80,13.20605922,10,32,1.833030278,182,17,49,16,24,18,2,101,59,48,16.19327707,60,39.66666667
165,Division,17,10,72,11.03449138,4,24,4.242640687,162,19,65,15,22,20,0,99,55,64,25.0282485,82,44.36363636
166,Division,10,5,18,1.496662955,2,102,47,104,5,41,22,24,18,2,82,64,40,9.797604583,40,23.58333333
167,Division,18,8,88,23.06512519,5,20,2.529822128,135,12,53,24,27,19,3,87,71,52,12.8329993,52,29.40740741
168,Division,16,6,52,9.775252199,7,60,13.6785248,153,16,49,25,24,18,2,91,67,48,13.35311033,50,32.16666667
169,Division,9,5,92,16.65653025,6,28,5.120763832,152,10,41,29,20,12,3,97,63,40,11.70299107,44,29.2
170,Division,15,8,94,20.65036319,4,14,0.866025404,147,15,53,23,24,22,0,91,67,52,22.35073949,72,42.33333333
171,Division,14,7,64,10.89467198,9,40,4.499657051,184,18,57,18,28,20,3,87,67,56,20.00714158,78,38
172,Division,18,5,58,14.22111107,9,46,6.935327349,170,15,57,24,22,16,2,97,63,56,19.55454334,68,35.27272727
173,Division,11,6,16,0.942809042,4,104,41.56921938,92,10,41,32,23,17,2,87,73,40,11.74975365,50,31.82608696
174,Division,10,4,42,14.72243186,4,82,12.11404144,145,8,37,21,21,15,2,101,57,36,12.52009722,48,26.0952381
175,Division,15,6,102,31.76476035,5,18,3.2,118,12,41,28,20,16,1,96,64,40,24.58678507,80,45.7
176,Division,10,7,82,15.87193647,1,34,0,116,11,45,25,22,18,1,88,64,44,16.06289292,58,35.27272727
177,Division,9,3,110,38.27386692,4,10,0.866025404,95,4,41,20,24,16,3,98,62,40,19.98315263,76,50.41666667
178,Division,14,9,90,14.29840706,3,22,7.542472333,150,17,49,23,23,15,3,94,62,48,12.99934563,52,26.86956522
179,Division,13,5,84,29.6,3,32,10.87300429,103,9,45,27,24,16,3,90,68,44,12.31079021,54,33.66666667
180,Division,14,5,82,27.81078927,5,34,6.997142274,127,11,45,30,22,16,2,90,68,44,12.1943626,54,30.45454545
181,Division,11,3,12,1.632993162,6,108,34.89030429,100,10,41,28,19,13,2,99,61,40,12.85245485,54,31.15789474
182,Division,10,4,54,13.51850583,6,58,10.41899974,140,10,49,27,23,19,1,91,69,48,13.33982199,60,23.30434783
183,Division,10,7,104,19.79486637,4,16,3.464101615,145,15,41,27,21,17,1,95,65,40,12.98944277,52,28.19047619
184,Division,9,4,30,9.526279442,9,94,13.02229807,168,22,37,24,25,21,1,90,70,36,12.45638792,54,27.28
185,Division,7,5,22,1.959591794,4,98,23.68016047,141,12,41,13,23,17,2,97,53,40,12.9655644,52,31.73913043
186,Division,11,4,96,35.80502758,4,24,3.741657387,117,9,41,25,21,15,2,97,61,40,14.11902754,58,36.28571429
187,Division,10,4,16,2,5,104,35.61123418,123,9,41,26,23,17,2,80,66,40,14.78209718,52,28.52173913
188,Division,12,4,62,18.88782677,9,50,5.230489909,163,15,49,21,23,17,2,95,61,48,13.83401468,56,35.47826087
189,Division,11,4,24,1.414213562,6,100,17.07499797,153,12,37,28,21,13,3,95,63,36,12.20311844,46,28.19047619
190,Division,13,8,36,2.397915762,7,76,16.10171749,172,15,49,21,24,16,3,96,62,48,13.96399139,52,35.58333333
191,Division,14,5,90,30.03997337,5,30,4.5607017,122,11,41,27,25,21,1,86,72,40,11.03768092,44,32.64
192,Division,7,5,12,0.8,8,112,23.2594067,150,18,37,22,25,21,1,92,68,36,10.54787182,44,23.68
193,Division,16,8,94,17.01286278,7,22,2.099562637,177,18,45,24,24,18,2,92,66,44,12.15181742,50,25
194,Division,16,5,62,14.93452376,6,46,9.339283817,171,12,53,20,20,14,2,96,54,52,15.97498044,62,38
195,Division,12,3,66,22.86190427,4,58,6.538348415,131,7,37,33,20,16,1,90,68,36,14.45371924,54,28.3
196,Division,13,6,68,10.81151649,4,44,10.04987562,151,11,49,27,21,11,4,91,61,48,15.14794763,48,25.33333333
197,Division,8,4,8,0,1,112,0,61,2,41,25,23,19,1,92,66,40,13.06664609,60,39.04347826
198,Division,9,9,112,21.20330745,1,4,0,133,16,45,22,21,19,0,99,61,44,11.13756488,48,32.95238095
199,Division,23,10,36,3.555277767,4,56,11.04536102,147,13,69,32,22,14,3,89,69,68,22.16187628,82,43.18181818
200,GrowingTree,15,3,102,31.4960315,1,2,0,113,2,57,37,9,7,0,108,52,56,36.20244859,104,67.77777778
201,GrowingTree,25,4,78,22.06241147,1,6,0,97,3,77,36,11,9,0,105,55,76,27.0010713,92,47.81818182
202,GrowingTree,19,3,90,19.79898987,2,10,1,137,1,61,44,9,7,0,101,59,60,27.36493205,92,54.22222222
203,GrowingTree,35,1,2,0,7,50,7.989789402,104,3,109,42,10,8,0,98,58,108,27.39050931,108,71.6
204,GrowingTree,9,0,0,0,4,120,34.75629439,116,3,41,35,9,7,0,110,50,40,20.12798555,76,36.44444444
205,GrowingTree,23,3,16,2.494438258,4,76,17.29161647,129,2,69,40,11,9,0,101,59,68,21.84997683,88,48.18181818
206,GrowingTree,12,2,30,11,4,90,28.71846096,143,3,41,36,12,10,0,103,57,40,24.64413385,100,44
207,GrowingTree,10,5,94,18.0930926,1,10,0,143,3,57,35,12,10,0,104,56,56,20.93574827,68,42.16666667
208,GrowingTree,18,2,38,15,4,66,14.92481156,140,3,57,40,9,7,0,105,55,56,18.8037296,68,48.44444444
209,GrowingTree,8,2,110,21,2,6,1,125,1,45,36,8,6,0,108,48,44,22.99456458,80,53.5
210,GrowingTree,20,2,6,1,3,94,20.15495528,139,2,61,36,13,11,0,100,58,60,29.06267457,98,41.23076923
211,GrowingTree,13,1,8,0,3,100,41.48359783,81,2,53,35,11,9,0,103,53,52,31.7812773,96,50.36363636
212,GrowingTree,12,5,88,24.6056904,1,28,0,137,4,45,30,9,7,0,115,45,44,21.37033828,72,32.44444444
213,GrowingTree,18,1,30,0,2,74,27,104,1,57,33,11,9,0,107,51,56,26.44814043,100,62.36363636
214,GrowingTree,24,4,84,16.2788206,2,8,2,144,3,69,43,10,8,0,100,60,68,29.28822289,104,41
215,GrowingTree,16,5,92,20.17523234,2,4,0,121,4,65,30,12,10,0,109,51,64,29.5009416,96,46.83333333
216,GrowingTree,20,4,96,30.09983389,2,4,0,106,3,61,39,12,10,0,100,60,60,36.79673899,100,48
217,GrowingTree,15,2,22,7,4,90,23.51063589,127,4,49,37,11,9,0,104,56,48,25.48958627,102,45.09090909
218,GrowingTree,19,4,44,6.08276253,2,44,18,129,2,73,30,12,10,0,108,50,72,24.48128537,88,38
219,GrowingTree,16,3,32,10.87300429,3,76,28.76726535,103,2,53,33,10,8,0,110,50,52,28.52998423,106,46.2
220,GrowingTree,23,3,8,0.942809042,5,44,5.741080038,103,4,109,27,9,7,0,118,42,108,32.69311099,110,71.77777778
221,GrowingTree,13,1,2,0,6,114,23.23072678,140,5,45,38,9,7,0,107,53,44,34.34609615,102,48.88888889
222,GrowingTree,15,2,8,2,3,104,23.45681611,97,2,49,31,11,9,0,110,50,48,23.66571604,72,45.45454545
223,GrowingTree,16,4,100,25.07987241,4,8,0,103,4,53,33,11,9,0,108,52,52,18.36633644,78,38.36363636
224,GrowingTree,19,3,70,28.76726535,2,30,13,100,1,61,37,13,11,0,100,60,60,33.64063477,104,64
225,GrowingTree,22,4,44,10.63014581,3,32,4.714045208,111,1,85,34,9,7,0,111,49,84,30.31684534,96,40.66666667
226,GrowingTree,8,3,92,27.19477074,1,32,0,128,3,37,30,12,10,0,108,50,36,14.05544576,62,36.66666667
227,GrowingTree,16,1,2,0,2,106,43,83,1,53,35,12,10,0,103,55,52,42.16633728,110,76
228,GrowingTree,16,1,40,0,4,72,16.91153453,119,2,49,39,12,10,0,100,60,48,24.05722345,76,44.5
229,GrowingTree,14,2,34,5,2,82,1,125,1,45,37,11,9,0,104,56,44,20.29371111,68,47.27272727
230,GrowingTree,19,3,14,1.885618083,4,82,26.43387978,114,3,65,34,14,12,0,96,58,64,19.38229784,64,36.57142857
231,GrowingTree,11,3,88,16.75974012,1,24,0,146,2,49,33,8,6,0,114,46,48,20.9269563,68,41.25
232,GrowingTree,29,1,62,0,3,18,5.656854249,74,0,81,42,9,7,0,102,56,80,27.28903366,80,44.44444444
233,GrowingTree,23,6,72,14.65150732,2,12,4,137,7,77,35,10,8,0,108,52,76,37.55582511,112,43.4
234,GrowingTree,20,3,22,0.942809042,2,62,9,107,2,77,46,6,4,0,105,55,76,23.76739129,84,50.66666667
235,GrowingTree,8,2,12,4,4,104,39.29376541,102,3,45,35,10,8,0,108,52,44,22.0626381,88,39.8
236,GrowingTree,20,2,14,3,3,66,24.0554914,92,2,81,39,9,7,0,106,54,80,31.08411527,112,64.66666667
237,GrowingTree,30,6,46,6.155395104,3,18,2.828427125,135,6,97,35,12,10,0,104,56,96,31.4549943,104,48.5
238,GrowingTree,17,1,2,0,4,110,35.19588044,104,3,49,49,8,6,0,98,62,48,23.74736828,74,36.75
239,GrowingTree,14,3,14,2.494438258,3,94,19.48218559,146,2,53,32,12,10,0,107,53,52,20.83999893,76,35.16666667
240,GrowingTree,13,2,34,15,3,70,21.06075867,114,2,57,29,12,10,0,110,50,56,16.31206098,78,62.5
241,GrowingTree,16,2,12,4,3,92,7.363574011,141,2,57,35,10,8,0,108,52,56,22.56014184,70,42.8
242,GrowingTree,16,4,90,26.58477008,1,18,0,124,4,53,33,14,10,1,103,57,52,16.15549442,64,39
243,GrowingTree,18,2,4,0,4,104,24,110,3,53,36,9,7,0,109,51,52,23.9464423,92,38.88888889
244,GrowingTree,8,2,76,34,3,36,11.43095213,92,1,49,36,9,7,0,109,51,48,41.93940367,116,50.44444444
245,GrowingTree,13,0,0,0,3,116,43.49201715,90,2,45,37,10,8,0,103,53,44,17.34473984,72,35.4
246,GrowingTree,18,4,98,26.50943228,2,6,1,133,3,57,32,9,7,0,113,47,56,34.24241828,116,44.88888889
247,GrowingTree,15,2,24,4,5,84,20.06389793,128,3,53,38,12,10,0,101,59,52,14.19702629,58,42.66666667
248,GrowingTree,12,1,42,0,3,74,9.843215373,137,2,45,33,11,7,1,109,51,44,19.9503516,72,33.27272727
249,GrowingTree,20,2,34,11,1,58,0,86,0,69,39,12,10,0,100,60,68,29.5014124,106,79
250,GrowingTree,12,6,100,24.94438258,2,4,0,121,5,57,29,14,12,0,101,53,56,14.20620732,62,36.42857143
251,GrowingTree,9,3,118,25.10422718,1,2,0,109,3,41,32,11,9,0,100,50,40,18.31225936,74,33.45454545
252,GrowingTree,9,1,4,0,3,116,22.05044721,132,2,41,36,11,9,0,102,54,40,13.47909309,60,35.63636364
253,GrowingTree,18,5,40,5.215361924,1,48,0,126,2,73,35,10,8,0,108,52,72,22.77279078,84,37
254,GrowingTree,33,3,42,15.57776193,1,18,0,72,0,101,35,8,6,0,112,48,100,44.71507017,128,84.25
255,GrowingTree,18,4,88,21.77154106,2,4,0,100,3,69,36,11,9,0,105,55,68,35.12904193,110,53.63636364
256,GrowingTree,11,4,104,32.984845,2,4,0,107,3,53,37,12,10,0,97,57,52,16.33928463,62,37.83333333
257,GrowingTree,32,2,10,3,4,54,8.529361055,102,1,97,35,13,11,0,102,58,96,27.99577314,100,40.92307692
258,GrowingTree,16,3,10,1.885618083,4,90,14.79019946,139,4,61,40,8,6,0,107,53,60,32.31002167,94,45.25
259,GrowingTree,14,2,18,3,3,94,34.49959742,104,3,49,35,10,8,0,108,52,48,34.07110212,116,45.4
260,GrowingTree,14,1,22,0,5,86,15.9298462,144,4,53,34,9,7,0,111,49,52,28.29998037,98,38
261,GrowingTree,7,4,122,34.30378988,1,2,0,112,3,37,36,9,7,0,109,51,36,21.74600857,94,41.33333333
262,GrowingTree,15,4,80,31.17691454,1,32,0,99,4,49,38,13,9,1,99,59,48,27.38461538,100,49.07692308
263,GrowingTree,11,3,8,0.942809042,3,108,18.18424226,150,2,45,33,11,9,0,108,52,44,25.82202276,84,50.36363636
264,GrowingTree,26,2,22,9,3,62,11.81336343,116,2,77,44,8,6,0,103,57,76,30.20658041,90,61.75
265,GrowingTree,8,0,0,0,4,120,39.62322551,89,3,41,38,10,8,0,104,54,40,18,80,48
266,GrowingTree,12,3,80,17.4610678,1,40,0,120,2,41,37,10,8,0,105,53,40,20.95328137,66,40.4
267,GrowingTree,17,2,72,4,1,36,0,127,1,53,40,10,8,0,102,56,52,24.10311183,82,37.2
268,GrowingTree,13,1,4,0,6,100,20.12185103,134,5,57,31,11,9,0,105,49,56,24.51648122,76,48.18181818
269,GrowingTree,18,3,66,22.68626604,2,22,7,84,1,73,33,11,9,0,107,51,72,19.69351951,78,39.27272727
270,GrowingTree,7,2,12,4,3,112,19.06713286,148,2,37,32,10,8,0,111,49,36,18.31392913,70,45
271,GrowingTree,13,1,14,0,5,94,26.33932421,100,5,53,41,11,9,0,100,60,52,22.40867601,66,40.18181818
272,GrowingTree,18,2,82,35,3,18,3.265986324,97,2,61,39,8,6,0,107,51,60,20.25925714,64,37.75
273,GrowingTree,33,2,14,3,3,58,21.68460796,82,0,89,42,9,7,0,103,57,88,37.95253696,124,89.77777778
274,GrowingTree,16,4,78,17.45709025,2,22,9,112,2,61,37,11,9,0,104,56,60,28.57959742,96,41.45454545
275,GrowingTree,23,2,14,5,3,78,18.18424226,109,2,69,42,10,8,0,100,58,68,30.83439638,102,39.8
276,GrowingTree,19,2,10,3,4,90,23.29699551,118,3,61,39,10,8,0,103,55,60,22.4,82,38.8
277,GrowingTree,11,2,114,53,1,2,0,65,1,45,33,11,9,0,108,52,44,19.2847304,82,57.09090909
278,GrowingTree,13,2,24,10,2,88,26,90,1,49,40,11,9,0,98,58,48,27.91012731,86,46.54545455
279,GrowingTree,12,2,8,2,3,108,17.66352173,129,2,45,42,6,4,0,109,51,44,14.73091986,78,51
280,GrowingTree,11,5,110,30.22581678,2,10,3,164,5,41,32,13,11,0,105,55,40,30.29089734,100,36
281,GrowingTree,26,4,80,19.59591794,3,8,0.942809042,125,3,73,36,13,11,0,100,58,72,21.25528128,74,44.46153846
282,GrowingTree,25,3,48,18.40289832,3,24,4.320493799,93,1,89,41,8,6,0,106,54,88,43.07841687,114,59.5
283,GrowingTree,9,4,118,18.29617446,1,2,0,149,3,41,34,10,8,0,109,51,40,20.09975124,84,30
284,GrowingTree,16,2,4,0,4,104,23.62202362,136,3,53,32,11,9,0,106,50,52,21.69358362,84,39.45454545
285,GrowingTree,17,2,24,4,5,76,16.76186147,127,3,61,39,11,9,0,99,57,60,26.44063989,96,36.72727273
286,GrowingTree,10,2,10,3,3,106,37.67698974,97,2,45,44,6,4,0,107,53,44,19.62990915,72,44
287,GrowingTree,17,3,14,2.494438258,4,82,16.51514456,142,2,65,37,10,8,0,106,54,64,27.33203249,94,45.6
288,GrowingTree,20,5,46,14.4,1,54,0,116,5,61,39,14,10,1,97,63,60,33.44474578,102,52.14285714
289,GrowingTree,13,2,92,16,2,28,12,132,1,41,44,8,6,0,103,57,40,24.24355584,64,40.5
290,GrowingTree,14,2,6,1,3,106,31.25522179,118,2,49,44,10,8,0,99,61,48,33.41855772,104,64
291,GrowingTree,15,2,16,0,5,92,15.56406117,155,5,53,35,9,7,0,107,49,52,27.44062052,84,36.88888889
292,GrowingTree,17,3,8,0.942809042,4,80,19.33907961,137,4,73,33,11,7,1,104,50,72,28.73187535,88,45.45454545
293,GrowingTree,13,1,18,0,4,98,32.13642793,110,4,45,36,11,9,0,105,55,44,32.84423544,104,45.27272727
294,GrowingTree,26,2,46,15,2,26,7,92,1,89,42,8,6,0,105,55,88,40.55859958,108,69
295,GrowingTree,23,3,12,1.632993162,2,60,8,101,1,89,32,9,7,0,113,47,88,43.79864139,116,66.88888889
296,GrowingTree,16,5,70,17.15808847,2,38,17,127,4,53,41,11,9,0,100,60,52,17.753128,70,36.90909091
297,GrowingTree,15,1,16,0,4,76,12.68857754,140,2,69,34,11,9,0,107,53,68,25.90637944,80,41.63636364
298,GrowingTree,20,2,4,0,7,92,13.38899944,147,6,65,35,13,11,0,102,58,64,26.1420788,72,42.76923077
299,GrowingTree,18,2,64,30,2,32,4,95,1,65,33,7,5,0,113,43,64,24.54151002,100,64
300,Kruskal,7,4,40,10.67707825,6,88,14.99629584,175,11,33,26,23,17,2,92,66,32,6.183091769,38,27.82608696
301,Kruskal,16,9,82,13.10169153,6,30,3.785938897,190,21,49,24,26,18,3,90,70,48,20.60447473,76,37.38461538
302,Kruskal,13,6,50,8.673074554,10,62,4.770744177,198,25,49,19,23,19,1,99,61,48,14.40541801,60,34.69565217
303,Kruskal,14,7,74,11.24858268,5,38,8.522910301,181,12,49,30,20,16,1,94,66,48,10.90137606,50,28.6
304,Kruskal,13,5,58,17.22324011,5,62,12.22456543,146,12,41,26,24,18,2,88,68,40,13.01894986,50,32.08333333
305,Kruskal,14,4,36,6.08276253,4,80,30.03331484,121,5,45,26,22,18,1,93,65,44,10.08886138,44,29.81818182
306,Kruskal,10,5,56,12.62378707,6,72,15.40562668,156,13,33,24,26,18,3,90,70,32,10.57293631,46,28.46153846
307,Kruskal,15,5,42,7.939773297,6,70,21.61532378,136,12,49,25,23,17,2,94,66,48,15.93037782,60,35.30434783
308,Kruskal,6,7,40,4.589250973,6,88,24.78350706,173,16,33,21,27,17,4,92,68,32,15.64875081,54,29.92592593
309,Kruskal,15,6,80,13.0979218,5,44,8.447484833,168,11,37,27,22,18,1,93,67,36,12.27542058,42,28.63636364
310,Kruskal,12,8,40,3.31662479,7,80,12.26909174,190,19,41,28,23,17,2,91,69,40,12.62817087,46,28.08695652
311,Kruskal,10,3,62,13.59738537,6,66,11.2398102,159,9,33,29,23,13,4,91,67,32,11.28292284,48,28
312,Kruskal,11,4,78,16.75559608,4,46,8.874119675,150,7,37,22,25,19,2,88,66,36,8.390470785,38,26.8
313,Kruskal,10,6,86,19.8466342,7,38,5.314592925,182,19,37,25,25,19,2,90,70,36,8.76356092,44,24
314,Kruskal,11,4,52,8.660254038,4,68,11.87434209,154,8,41,20,25,19,2,94,64,40,9.6,44,24.4
315,Kruskal,13,6,76,16.02775371,6,40,6.896053622,174,16,45,25,24,18,2,91,67,44,11.02238883,48,28.08333333
316,Kruskal,8,4,68,21.37755833,7,56,12.32882801,150,15,37,25,25,15,4,87,67,36,15.26847733,56,32.56
317,Kruskal,8,3,32,5.249338583,7,84,11.26308763,167,13,45,22,24,14,4,94,62,44,11.732848,48,31.58333333
318,Kruskal,16,7,76,14.73022715,5,36,4.118252056,164,15,49,18,30,24,2,87,73,48,14.25108183,54,37.2
319,Kruskal,13,9,66,7.363574011,5,42,10.91054536,192,20,53,24,25,15,4,92,66,52,12.48,54,27.36
320,Kruskal,10,5,52,8.13879598,5,76,15.47126368,188,13,33,25,20,16,1,99,61,32,10.90458619,42,23.7
321,Kruskal,12,5,64,13.83329317,6,60,10.26320288,168,17,37,17,27,21,2,94,66,36,13.09037909,48,28.22222222
322,Kruskal,13,5,52,12.41933976,5,72,13.23026833,183,10,37,22,25,17,3,91,65,36,11.68219158,54,29.92
323,Kruskal,18,11,56,4.378761665,6,48,9.660917831,199,25,57,27,23,17,2,91,67,56,18.72293257,66,34.86956522
324,Kruskal,12,6,42,4.725815626,5,78,19.57140772,158,11,41,21,26,14,5,92,64,40,10.32260689,40,25.53846154
325,Kruskal,12,5,44,7.110555534,3,76,22.23110933,135,7,41,29,21,17,1,90,66,40,9.920317455,42,26.66666667
326,Kruskal,14,5,68,18.26033954,5,48,9.583318841,157,12,45,27,21,15,2,91,63,44,19.78294921,64,30.66666667
327,Kruskal,8,6,96,18.86796226,4,28,7.549834435,173,13,37,20,26,18,3,91,65,36,13.52993613,50,30.69230769
328,Kruskal,11,3,48,7.483314774,3,76,16.67999467,150,5,37,30,22,16,2,90,68,36,10.71185332,44,28.72727273
329,Kruskal,10,6,56,14.68181036,4,68,10.34408043,170,14,37,22,23,15,3,98,62,36,11.17179814,46,23.13043478
330,Kruskal,11,5,50,6.693280212,6,70,8.595864639,183,16,41,17,25,19,2,97,61,40,11.24277546,46,25.2
331,Kruskal,9,6,64,12.68419839,6,60,10,167,13,37,20,28,20,3,87,69,36,9.594854063,38,26.71428571
332,Kruskal,13,7,78,21.58986913,6,42,8.774964387,155,15,41,26,24,18,2,90,68,40,14.88474237,64,37.33333333
333,Kruskal,7,6,26,2.134374746,5,94,23.54909765,177,12,41,16,25,21,1,95,61,40,20.25817366,64,34.08
334,Kruskal,8,7,60,7.613092911,5,68,13.04760514,185,17,33,20,24,20,1,95,63,32,8.844332774,36,22.66666667
335,Kruskal,11,5,94,24.08651075,6,22,2.134374746,150,13,45,16,25,17,3,97,59,44,10.45707416,44,29.36
336,Kruskal,12,7,104,15.74283122,4,12,1.732050808,161,9,45,22,25,21,1,91,67,44,11.94815467,48,33.04
337,Kruskal,15,6,54,8.22597512,6,58,8.673074554,175,15,49,24,23,19,1,93,65,48,12.33495962,54,26.60869565
338,Kruskal,7,4,46,11.0792599,9,82,16.76268637,158,19,33,22,27,17,4,91,69,32,11.08936143,44,28.37037037
339,Kruskal,7,7,94,22.41719457,3,34,13.19932658,127,15,33,25,25,17,3,88,68,32,10.70446636,42,22.88
340,Kruskal,11,6,60,11.01514109,3,64,24.51303508,151,13,37,25,22,18,1,95,65,36,16.25646724,56,33
341,Kruskal,10,5,80,18.19890107,5,40,6.57267069,165,10,41,25,22,16,2,93,63,40,10.22919174,40,25
342,Kruskal,12,8,52,5.809475019,5,68,20.33322404,166,14,41,22,25,15,4,95,65,40,14.30949335,58,31.28
343,Kruskal,14,6,96,27.76088375,5,24,2.993325909,139,11,41,25,25,15,4,92,68,40,18.61027673,64,44.24
344,Kruskal,12,3,100,23.68309289,3,20,5.249338583,123,3,41,26,22,18,1,93,65,40,12.68336582,54,31.36363636
345,Kruskal,12,3,80,33.47967875,6,40,4.5704364,139,10,41,22,24,18,2,92,64,40,14.25073098,60,36.5
346,Kruskal,9,4,26,7.794228634,7,90,17.59406208,172,13,45,20,25,23,0,90,66,44,16.96603666,58,31.44
347,Kruskal,15,3,16,4.714045208,7,100,15.65443146,149,12,45,28,22,14,3,94,66,44,20.16215258,72,33.81818182
348,Kruskal,9,5,58,14.33317829,6,70,13.38739042,171,12,33,27,23,17,2,92,68,32,11.88985366,48,26.60869565
349,Kruskal,15,6,86,17.71690969,7,22,1.456862718,168,11,53,24,23,21,0,93,67,52,15.3443154,56,27.82608696
350,Kruskal,8,8,54,8.996527108,7,70,9.44154951,201,22,37,17,26,16,4,98,62,36,10.55417133,46,23.61538462
351,Kruskal,13,6,48,12.54325848,6,72,14.23610434,161,16,41,26,26,20,2,87,73,40,10.14247615,42,28.23076923
352,Kruskal,16,5,58,14.3888846,5,58,12.98614646,142,14,45,29,20,12,3,96,62,44,13.69087287,46,27.6
353,Kruskal,10,6,88,20.3851798,5,24,2.039607805,149,9,49,21,22,20,0,95,61,48,11.59367169,48,25.63636364
354,Kruskal,7,7,72,15.61788614,5,56,9.68297475,178,13,33,20,26,20,2,92,66,32,13.93412227,54,27.61538462
355,Kruskal,8,4,36,5.385164807,4,88,25.57342371,146,9,37,25,24,16,3,93,67,36,14.61354014,48,30.33333333
356,Kruskal,5,1,4,0,7,120,24.83907389,146,8,37,16,24,18,2,96,58,36,12.43203747,54,30.33333333
357,Kruskal,11,3,52,21.68460796,7,64,9.124982527,150,9,45,23,23,15,3,96,62,44,14.46826917,58,34.86956522
358,Kruskal,11,7,54,7.886956424,7,66,9.240549502,181,18,41,22,28,24,1,86,74,40,10.67205965,42,27.5
359,Kruskal,15,5,30,6.196773354,8,78,11.80836568,181,16,53,20,28,18,4,88,68,52,16.71977932,60,35.14285714
360,Kruskal,13,7,54,9.4674523,7,62,11.20495517,185,21,45,27,23,13,4,93,65,44,13.23282851,48,28.60869565
361,Kruskal,11,7,50,6.916410535,3,66,19.25270544,146,9,45,18,28,20,3,89,67,44,13.47314032,48,30.78571429
362,Kruskal,12,7,96,26.28260851,2,24,6,137,15,41,22,25,17,3,93,65,40,12.2548929,52,36.24
363,Kruskal,10,5,68,12.09297317,5,56,10.24499878,166,11,37,16,28,18,4,94,64,36,10.09141886,46,26.85714286
364,Kruskal,9,7,106,15.33836061,4,18,2.179449472,176,16,37,18,27,17,4,95,65,36,11.48745364,50,23.03703704
365,Kruskal,12,4,40,6.480740698,7,84,16.6647618,171,13,37,17,27,19,3,95,65,36,10.85027166,46,26.44444444
366,Kruskal,15,5,38,6.37495098,2,78,29,127,5,45,36,19,9,4,92,66,44,10.37362947,44,30.42105263
367,Kruskal,8,5,66,19.45661841,5,62,15.25254077,151,11,33,13,29,19,4,95,63,32,9.82994527,44,29.31034483
368,Kruskal,12,4,10,0.866025404,8,106,17.99826381,195,15,45,23,22,16,2,97,61,44,15.56564346,52,28.27272727
369,Kruskal,8,4,86,13.95528574,6,38,6.368324392,171,13,37,16,27,17,4,92,62,36,10.0735294,36,24.07407407
370,Kruskal,10,8,52,7.399324293,5,76,17.13942823,174,16,33,23,27,15,5,90,68,32,10.20341802,40,24.96296296
371,Kruskal,9,4,84,13.89244399,5,44,10.70327053,147,10,33,23,24,16,3,90,64,32,7.571877794,32,23
372,Kruskal,12,7,86,14.90651138,4,34,3.840572874,169,14,41,27,23,19,1,90,68,40,13.73968078,48,29.2173913
373,Kruskal,8,7,40,5.062870042,4,88,28.14249456,161,12,33,18,26,20,2,94,64,32,11.54896957,44,23.92307692
374,Kruskal,11,5,44,4.308131846,6,68,15.90248059,164,12,49,13,27,19,3,98,60,48,10.31413323,50,30.37037037
375,Kruskal,7,6,54,13.89244399,5,74,16.12947612,171,15,33,25,24,18,2,89,67,32,9.201071797,40,25.08333333
376,Kruskal,21,12,74,7.186020379,6,30,3.605551275,201,23,57,25,24,16,3,93,67,56,13.89619252,58,31.75
377,Kruskal,7,6,50,8.975274679,4,78,7.794228634,177,12,33,26,23,19,1,89,67,32,9.078527399,36,24.43478261
378,Kruskal,10,4,72,15.16575089,7,52,8.797031039,171,12,37,21,24,20,1,94,64,36,12.77584526,52,27.66666667
379,Kruskal,20,6,64,9.357112565,7,36,3.83325939,187,12,61,25,23,15,3,95,65,60,19.91057513,72,41.2173913
380,Kruskal,17,9,66,7.944250192,4,50,9.937303457,181,14,45,23,26,20,2,89,69,44,13.23255802,46,29.23076923
381,Kruskal,13,7,46,5.728553616,4,70,9.20597632,171,14,45,31,20,12,3,94,64,44,11.52562363,50,33.4
382,Kruskal,18,5,48,8.428523002,7,60,10.93953698,161,14,53,24,26,22,1,87,71,52,15.38999906,58,34.61538462
383,Kruskal,7,4,40,12.72792206,8,88,15.39480432,169,15,33,15,24,18,2,101,57,32,10.48775741,40,26.91666667
384,Kruskal,10,8,40,4.242640687,5,80,19.51409747,173,17,41,17,29,19,4,91,67,40,13.20469055,52,31.65517241
385,Kruskal,14,4,38,5.722761571,7,78,14.33705062,164,12,45,27,24,16,3,90,68,44,12.26104944,52,38
386,Kruskal,5,3,14,2.494438258,5,114,31.93994364,132,7,33,19,24,20,1,97,63,32,16.50231465,62,32.91666667
387,Kruskal,10,6,28,3.399346342,7,92,17.16665016,170,14,41,22,27,17,4,90,68,40,10.80974006,46,22.96296296
388,Kruskal,14,6,32,4.988876516,7,80,12.12856302,159,13,49,26,23,15,3,94,66,48,13.94236042,54,38.95652174
389,Kruskal,7,4,28,7.549834435,9,96,9.797958971,191,18,37,21,27,21,2,90,70,36,10.73793067,44,26.74074074
390,Kruskal,12,6,64,7.180219743,8,48,7.681145748,183,17,49,24,24,18,2,93,67,48,13.15057033,50,27.25
391,Kruskal,16,4,58,14.02676014,5,58,9.414881837,153,10,45,25,22,16,2,95,63,44,19.23688777,64,33.18181818
392,Kruskal,13,4,36,4.582575695,6,84,12.4365054,176,10,41,21,25,19,2,94,66,40,10.53633712,46,29.84
393,Kruskal,9,6,72,9.237604307,7,56,9.133924208,186,16,33,16,30,18,5,92,68,32,9.00271564,40,22.13333333
394,Kruskal,19,7,90,22.59853707,7,22,1.456862718,151,18,49,25,26,16,4,89,69,48,13.48437623,50,28.69230769
395,Kruskal,12,9,42,3.651483717,7,74,14.21123442,184,21,45,21,30,18,5,86,72,44,12.92731819,46,24.86666667
396,Kruskal,8,8,40,3.16227766,6,84,19.83263304,180,16,37,20,27,17,4,92,66,36,15.88159204,54,30.81481481
397,Kruskal,12,3,66,19.86621923,7,58,8.241260058,162,11,37,19,25,21,1,94,64,36,11.44419504,44,28.48
398,Kruskal,16,9,68,7.228202652,8,44,7.123903424,208,22,49,22,24,20,1,93,65,48,15.00902506,48,31.25
399,Kruskal,9,6,76,13.449494,8,48,8.366600265,183,17,37,19,24,18,2,97,61,36,12.17807684,50,26.16666667
400,Prims,9,9,46,3.413842555,6,74,17.22078847,192,23,41,21,25,17,3,95,65,40,8.823967362,42,23.76
401,Prims,9,5,106,25.38030733,8,18,0.661437828,154,13,37,17,30,16,6,92,68,36,8.694570464,38,24.06666667
402,Prims,10,6,54,11.53256259,8,70,11.31094603,197,18,37,15,27,21,2,96,64,36,10.2147047,44,27.25925926
403,Prims,6,5,90,15.89968553,4,38,9.836157786,164,11,33,12,29,23,2,88,64,32,9.286559656,42,24.96551724
404,Prims,4,4,60,17,3,68,27.82484901,127,5,33,13,29,19,4,95,63,32,8.804387621,42,30
405,Prims,9,6,98,27.04112095,4,26,4.55521679,141,11,37,18,27,17,4,95,65,36,9.227501092,40,26.96296296
406,Prims,6,7,64,11.55642767,6,64,14.45298893,178,17,33,18,25,21,1,95,63,32,7.811376319,32,21.68
407,Prims,6,6,72,16.89181261,5,56,14.72956211,161,13,33,13,31,21,4,92,68,32,12.57419189,44,29.22580645
408,Prims,5,6,116,34.36406392,4,12,1,125,12,33,19,26,14,5,97,63,32,9.193514565,38,25.69230769
409,Prims,6,3,48,9.933109617,7,76,9.493284415,176,13,37,14,29,19,4,95,65,36,8.914443383,44,30.34482759
410,Prims,8,6,34,6.574360974,8,94,15.69832794,182,18,33,15,32,20,5,84,70,32,9.778004653,36,23.375
411,Prims,5,9,62,7.780951733,6,66,14.2243922,187,20,33,14,32,16,7,91,67,32,9.027735043,40,26
412,Prims,6,8,74,15.42522285,6,54,9.433981132,189,19,33,14,29,13,7,97,61,32,8.524428072,34,23.24137931
413,Prims,8,5,64,9.086253353,8,64,12.9614814,178,15,33,15,33,19,6,88,72,32,7.687180604,34,21.57575758
414,Prims,9,7,48,3.522522287,7,76,9.249379461,206,18,37,18,30,20,4,88,70,36,9.14597665,38,22.46666667
415,Prims,7,4,38,5.172040216,9,90,17.35895542,184,16,33,19,29,17,5,90,68,32,11.79854684,52,28.96551724
416,Prims,8,3,70,22.23110933,7,54,9.345958419,150,16,37,10,31,25,2,92,66,36,13.82814094,56,35.48387097
417,Prims,5,8,66,15.79359047,8,62,8.742854225,188,21,33,12,31,15,7,93,63,32,8.159696389,34,22
418,Prims,8,6,38,3.901566637,8,86,17.54814805,188,19,37,14,28,22,2,95,65,36,9.846526374,42,25.21428571
419,Prims,11,5,80,25.10776772,8,48,7.681145748,168,18,33,20,31,15,7,87,71,32,13.86901712,54,31.80645161
420,Prims,8,4,14,0.866025404,8,110,12.18349293,186,16,37,17,27,21,2,91,65,36,12.13911136,44,26.44444444
421,Prims,9,10,102,19.37937047,7,18,0.903507903,172,20,41,18,29,17,5,91,67,40,11.20217407,44,26.55172414
422,Prims,12,8,48,5.916079783,9,68,10.57366867,193,26,45,17,31,19,5,88,70,44,12.46981788,50,27.29032258
423,Prims,11,4,20,3.31662479,6,104,34.28637565,121,11,37,13,32,18,6,92,68,36,8.089344844,38,21.75
424,Prims,6,6,34,3.901566637,7,94,20.04891976,171,18,33,18,29,21,3,90,70,32,7.351866467,36,22.13793103
425,Prims,5,9,98,16.65629307,7,30,3.103651569,214,24,33,11,31,17,6,96,64,32,7.247662797,34,21.29032258
426,Prims,7,6,36,7.211102551,8,92,12.19631092,195,19,33,14,28,20,3,95,63,32,7.754853648,38,21.07142857
427,Prims,9,6,44,5.617433182,7,84,11.3137085,197,15,33,14,32,22,4,88,70,32,10.09873136,44,24.875
428,Prims,6,6,110,26.3417708,5,14,0.979795897,145,12,37,18,27,19,3,94,66,36,17.95742565,62,38.44444444
429,Prims,10,8,96,16.673332,4,24,3.16227766,178,16,41,17,29,25,1,84,70,40,15.04112476,54,28.62068966
430,Prims,7,6,28,5.96284794,8,100,15.15750639,208,22,33,9,30,18,5,94,60,32,6.787242936,32,21
431,Prims,10,6,62,13.43709625,6,62,10.15983377,185,14,37,18,28,18,4,92,66,36,9.856884055,38,25.35714286
432,Prims,10,5,74,23.6507928,5,54,12.74990196,152,11,33,20,28,18,4,88,68,32,9.085759209,42,25.85714286
433,Prims,11,4,60,20.22374842,6,68,19.9888858,135,12,33,20,27,15,5,94,66,32,8.221888548,36,23.25925926
434,Prims,7,7,78,11.10249099,8,46,6.279928344,187,16,37,18,28,18,4,93,67,36,8.553254542,38,21.35714286
435,Prims,12,6,88,18.20866704,6,36,6.110100927,165,15,37,15,30,18,5,92,66,36,8.655377262,36,21.46666667
436,Prims,6,6,32,2.98142397,8,96,14.93318452,212,19,33,15,28,16,5,97,63,32,9.109313467,42,22.85714286
437,Prims,8,6,66,18.35755975,6,62,10.35481638,172,14,33,15,30,20,4,92,68,32,7.441923288,34,21.13333333
438,Prims,9,6,62,12.56538455,5,58,11.55162326,169,12,41,15,28,22,2,93,65,40,9.775803114,42,30.92857143
439,Prims,6,6,68,12.78888406,7,60,12.90467405,170,14,33,19,27,17,4,93,65,32,8.467803948,34,25.33333333
440,Prims,11,8,86,13.74545379,7,38,4.499433071,212,21,37,10,30,24,2,94,64,36,8.958174417,38,24.53333333
441,Prims,7,4,68,20.22374842,5,56,10.70327053,163,10,37,18,26,18,3,91,63,36,7.472632514,36,26.07692308
442,Prims,9,6,76,17.42284579,5,52,11.75755077,153,12,33,13,31,23,3,90,68,32,8.541019345,34,24.77419355
443,Prims,7,9,92,14.97982182,4,32,6.633249581,175,19,37,17,31,17,6,90,70,36,16.46716532,60,32.83870968
444,Prims,8,7,62,8.270922758,9,62,6.402160129,227,24,37,16,29,17,5,93,65,36,10.55330166,46,25.72413793
445,Prims,6,3,28,7.717224602,7,100,16.78191446,184,13,33,15,28,22,2,94,66,32,12.63054283,48,26.42857143
446,Prims,6,9,96,14.29840706,4,32,7.071067812,173,17,33,15,30,18,5,92,66,32,8.121302578,40,25.33333333
447,Prims,8,6,78,14.31782106,5,50,9.208691547,169,13,33,13,32,22,4,90,70,32,11.46461949,46,28.75
448,Prims,8,9,38,3.93778781,7,86,18.89606373,193,21,37,14,30,18,5,94,66,36,11.0602391,42,26.26666667
449,Prims,10,6,90,16.52271164,7,30,2.710523709,180,13,41,16,28,18,4,95,65,40,14.15079143,48,30.57142857
450,Prims,7,4,42,5.545268253,9,82,9.386094259,209,17,37,21,24,18,2,93,63,36,12.44878397,50,25.83333333
451,Prims,4,7,62,14.49560102,6,66,13.0511813,170,23,33,14,31,21,4,88,68,32,6.97848634,34,22.4516129
452,Prims,5,7,66,4.981598793,9,62,7.187094057,214,24,33,16,30,22,3,89,69,32,9.048020041,36,20
453,Prims,10,5,78,15.25254077,5,50,16,165,13,33,23,25,17,3,92,66,32,11.30408776,38,24.24
454,Prims,9,10,40,2.966479395,10,80,11.62755348,231,28,41,21,28,14,6,89,67,40,12.57548636,46,27
455,Prims,6,4,84,28.37252192,7,44,5.283783431,155,13,33,12,31,21,4,92,66,32,6.979679141,32,20.83870968
456,Prims,10,8,66,12.26529657,5,58,12.67438361,192,19,37,16,28,20,3,91,65,36,8.440669284,36,20.42857143
457,Prims,10,3,18,2.828427125,6,106,23.22115893,170,12,37,18,25,19,2,96,62,36,11.83729699,46,30.72
458,Prims,11,8,62,12.26529657,8,54,5.994789404,194,21,45,14,30,20,4,92,66,44,11.39766058,46,32.6
459,Prims,9,7,94,17.68661433,8,34,4.52078533,180,17,33,18,28,18,4,92,66,32,10.28174527,44,26
460,Prims,6,8,86,19.46631706,7,42,5.237229366,184,21,33,12,30,20,4,92,64,32,7.82275882,34,22.06666667
461,Prims,6,4,40,9.797958971,9,88,11.29186313,201,17,33,16,27,17,4,96,62,32,12.26904611,48,26.37037037
462,Prims,7,3,52,13.0979218,7,76,17.69122923,160,13,33,12,30,26,1,89,67,32,7.562774329,32,24.73333333
463,Prims,4,7,108,27.37494758,6,20,1.490711985,143,15,33,18,29,17,5,91,67,32,9.446513805,42,28.06896552
464,Prims,3,2,6,1,6,122,20.70158341,153,9,33,20,26,18,3,87,65,32,6.90981636,32,21.15384615
465,Prims,10,6,82,19.91370271,6,46,8.673074554,159,16,33,15,30,22,3,90,68,32,9.044335244,42,27
466,Prims,8,5,38,5.986651819,5,86,26.4907531,143,11,37,19,27,21,2,92,68,36,12.2354586,48,33.18518519
467,Prims,8,7,62,8.998866142,8,66,10.69754645,196,18,33,19,26,20,2,94,66,32,8.075457743,34,20.69230769
468,Prims,6,6,34,6.472162613,7,90,16.65986256,173,18,37,17,29,19,4,91,67,36,12.18330079,48,30.34482759
469,Prims,4,10,108,13.65869686,4,20,3.31662479,210,20,33,15,25,21,1,98,60,32,14.870965,56,28.88
470,Prims,5,6,110,28.57543623,3,18,4.320493799,154,12,33,25,20,12,3,96,58,32,11.48694912,42,25.5
471,Prims,6,7,76,7.623808037,8,52,11.16915395,206,21,33,16,31,21,4,88,70,32,7.995836586,32,21.74193548
472,Prims,5,4,18,3.278719262,7,110,31.17560532,137,15,33,13,28,22,2,96,64,32,7.462833078,36,21.85714286
473,Prims,5,10,46,3.104834939,5,82,24.89658611,175,16,33,17,29,17,5,93,67,32,8.255722622,34,21.65517241
474,Prims,8,6,48,11.71893055,7,80,12.77114094,183,18,33,14,30,14,7,95,63,32,10.44030651,40,25
475,Prims,6,8,34,2.727178029,9,94,19.7490428,176,25,33,17,29,15,6,94,66,32,9.903217748,36,22.82758621
476,Prims,7,5,32,7.838367177,5,96,25.72469631,143,12,33,20,27,19,3,92,68,32,8.354951383,36,24.51851852
477,Prims,7,3,34,13.19932658,6,94,20.37700229,138,10,33,21,24,10,6,97,59,32,7.815582725,36,24.5
478,Prims,4,7,94,15.77391285,4,34,7.399324293,183,15,33,21,23,13,4,97,59,32,6.998784664,36,24.86956522
479,Prims,11,6,50,10.97977939,8,74,16.21534767,195,21,37,15,27,21,2,96,64,36,18.53865572,66,35.85185185
480,Prims,6,4,8,0,8,116,22.79802623,162,16,37,13,30,18,5,94,64,36,14.61810141,54,32.66666667
481,Prims,11,4,12,1.732050808,11,104,12.90781044,185,24,45,13,31,21,4,91,67,44,13.46765501,50,29.09677419
482,Prims,8,7,68,18.09273166,6,52,13.14872195,153,21,41,14,33,23,4,86,72,40,9.15773419,42,22.12121212
483,Prims,11,8,78,12.54741009,5,42,7.310266753,170,19,41,22,27,15,5,89,67,40,10.56484322,40,26.2962963
484,Prims,6,5,54,10.47664068,10,70,8.544003745,199,23,37,17,29,23,2,89,69,36,10.87951527,42,28.34482759
485,Prims,4,7,100,26.90573112,5,28,4.45421149,155,13,33,12,30,18,5,95,63,32,10.01975826,44,27.26666667
486,Prims,8,6,40,6.699917081,9,88,16.90350245,198,26,33,15,31,25,2,88,72,32,11.934612,46,26.12903226
487,Prims,8,8,46,8.452070752,5,82,13.46996659,175,16,33,19,28,16,5,92,66,32,10.79965986,44,25.28571429
488,Prims,9,6,14,0.745355992,9,106,12.80432026,193,19,41,13,31,19,5,92,66,40,13.92024256,48,27.03225806
489,Prims,7,6,82,17.67924081,5,46,12.43221621,168,12,33,12,27,19,3,100,60,32,10.2981613,38,26.14814815
490,Prims,6,10,98,10.48618138,7,26,2.710523709,219,25,37,14,27,19,3,95,61,36,13.37770395,48,28
491,Prims,10,5,52,14.88086019,3,76,31.59465496,120,10,33,16,32,18,6,88,70,32,9.446394815,46,31.875
492,Prims,8,7,22,0.989743319,7,98,19.91410125,176,14,41,13,30,22,3,92,66,40,13.37144553,50,29.93333333
493,Prims,9,8,108,16.39359631,4,16,1.414213562,181,12,37,23,27,17,4,89,69,36,10.64246225,48,27.18518519
494,Prims,4,5,104,15.82908715,4,24,2.449489743,174,11,33,14,29,21,3,93,65,32,11.44287367,44,27.51724138
495,Prims,11,7,106,19.08947782,6,18,1.527525232,183,14,37,17,28,20,3,92,66,36,8.589267152,36,20.71428571
496,Prims,14,7,48,11.10249099,8,68,13.55544171,191,17,45,20,29,19,4,88,70,44,16.7041829,60,37.93103448
497,Prims,11,5,50,5.215361924,4,66,12.99038106,158,9,45,22,26,18,3,87,67,44,9.166442529,46,32.76923077
498,Prims,6,5,50,13.08434179,8,78,16.01366604,179,18,33,10,31,19,5,95,63,32,7.40840707,32,21.22580645
499,Prims,16,7,40,8.310308327,5,80,23.18620279,161,17,41,14,29,21,3,91,65,40,9.13474245,40,23.93103448
500,Sidewinder,8,4,36,12.12435565,6,92,18.92675942,162,9,33,19,24,18,2,97,61,32,8.41955396,38,24.33333333
501,Sidewinder,8,5,16,1.6,7,108,21.58608773,153,15,37,14,26,18,3,99,59,36,10.29534277,44,23.92307692
502,Sidewinder,7,1,4,0,10,116,12.25724276,184,16,41,18,23,15,3,99,57,40,13.48022426,54,26.60869565
503,Sidewinder,5,2,56,26,9,72,6.992058988,172,17,33,22,24,20,1,94,66,32,8.704644354,34,20.25
504,Sidewinder,5,0,0,0,7,124,36.10189661,97,12,37,18,24,16,3,95,59,36,8.975274679,36,22.66666667
505,Sidewinder,5,3,26,6.599663291,7,102,10.78169272,199,12,33,17,23,17,2,102,58,32,8.150753499,36,22
506,Sidewinder,9,5,14,1.6,6,106,14.20876099,165,10,41,19,23,15,3,100,58,40,13.32507621,48,30.08695652
507,Sidewinder,9,1,6,0,10,118,20.88923168,179,17,37,18,25,19,2,96,62,36,12.33298018,48,27.76
508,Sidewinder,6,3,78,22.86190427,4,50,14.79019946,152,6,33,22,22,18,1,95,61,32,6.285888696,32,21.18181818
509,Sidewinder,5,2,12,2,7,116,21.0228253,154,12,33,19,23,21,0,91,61,32,8.63194051,40,20.52173913
510,Sidewinder,5,2,8,0,3,120,25.66450207,148,3,33,19,20,16,1,96,54,32,11.28538878,42,25.2
511,Sidewinder,7,1,4,0,7,120,20.02447482,150,8,37,25,19,17,0,100,60,36,12.91780965,44,24.84210526
512,Sidewinder,6,2,6,1,5,110,21.61480974,148,7,45,27,20,16,1,92,62,44,10.34359705,44,23.9
513,Sidewinder,1,0,0,0,7,128,30.20744603,127,7,33,21,23,17,2,98,62,32,12.05218646,44,30.69565217
514,Sidewinder,8,5,20,2.19089023,7,104,17.36522446,172,15,37,19,26,24,0,91,67,36,11.75715821,42,25
515,Sidewinder,12,7,46,7.613092911,7,70,15.08073511,183,18,45,19,23,17,2,99,59,44,13.83018807,52,28.17391304
516,Sidewinder,6,2,10,3,4,114,26.73480877,117,3,37,16,27,23,1,93,65,36,9.511526471,40,27.11111111
517,Sidewinder,9,1,2,0,9,114,19.2296068,158,12,45,23,23,19,1,94,64,44,14.65726914,48,28.34782609
518,Sidewinder,10,5,64,20.61455796,7,56,5.345224838,168,14,41,12,26,22,1,97,59,40,10.73428396,40,23.92307692
519,Sidewinder,11,2,50,23,8,78,18.26027108,142,13,33,18,25,21,1,95,63,32,8.471694045,32,21.52
520,Sidewinder,8,2,32,14,4,92,13.74772708,160,6,37,21,21,15,2,101,57,36,8.329931278,36,22.57142857
521,Sidewinder,5,1,6,0,5,122,40.81960313,102,6,33,17,20,18,0,106,54,32,8.170679286,36,23.8
522,Sidewinder,12,5,40,7.375635566,7,80,19.90590108,164,14,41,19,24,20,1,96,62,40,9.537935952,40,24.16666667
523,Sidewinder,3,1,2,0,7,126,27.40177262,132,11,33,19,25,19,2,96,64,32,9.24891345,34,19.76
524,Sidewinder,7,3,10,0.942809042,6,110,21.14762923,140,8,41,26,21,13,3,97,61,40,8.89342288,40,28.95238095
525,Sidewinder,13,2,42,19,7,78,10.2459549,163,9,41,25,24,16,3,90,66,40,11.18002932,40,23.58333333
526,Sidewinder,7,4,18,3.278719262,5,102,33.83252873,123,11,41,15,28,16,5,96,62,40,8.312763729,40,21.42857143
527,Sidewinder,8,3,14,1.885618083,7,106,24.23355744,143,11,41,18,25,23,0,94,64,40,10.94977625,40,25.68
528,Sidewinder,10,4,12,1.732050808,9,104,14.10367258,182,17,45,17,25,23,0,93,63,44,11.08512517,44,24.4
529,Sidewinder,10,2,36,16,6,88,16.43843734,165,8,37,16,19,17,0,108,50,36,8.182137155,36,22
530,Sidewinder,7,2,8,2,6,116,31.78399318,132,8,37,19,21,15,2,101,55,36,12.90748522,52,32.66666667
531,Sidewinder,8,4,46,7.921489759,7,78,12.68777332,200,15,37,17,22,18,1,100,56,36,8.902130862,36,22.45454545
532,Sidewinder,7,4,10,0.866025404,9,110,16.50439522,157,18,41,18,24,18,2,96,60,40,13.09977735,48,26.75
533,Sidewinder,4,2,4,0,9,120,21.14500204,149,17,37,15,28,20,3,94,64,36,10.64932689,44,22.14285714
534,Sidewinder,7,3,10,1.885618083,7,114,13.45589924,186,13,37,24,20,16,1,93,59,36,11.88107739,46,24.2
535,Sidewinder,7,5,30,8,9,90,11.35292424,194,19,41,13,23,17,2,106,54,40,9.846458298,44,24.7826087
536,Sidewinder,11,1,2,0,9,114,15.52059564,148,12,45,28,22,14,3,93,65,44,13.87905253,48,30.90909091
537,Sidewinder,3,4,14,1.658312395,7,114,19.55004045,159,12,33,18,24,16,3,99,59,32,9.219544457,40,24
538,Sidewinder,7,4,34,6.538348415,7,90,22.67426843,152,17,37,22,23,17,2,94,62,36,9.719701116,36,22.69565217
539,Sidewinder,16,3,22,4.988876516,5,86,8.352245207,176,10,53,23,18,16,0,103,55,52,16.61324773,56,28.66666667
540,Sidewinder,9,5,34,7.756287772,10,90,11.07248843,219,21,37,14,21,17,1,108,52,36,7.822289218,40,22.95238095
541,Sidewinder,7,3,18,3.265986324,6,106,16.14173335,169,10,37,21,24,18,2,95,63,36,9.981928115,38,23.16666667
542,Sidewinder,9,2,16,6,7,108,14.56862718,187,10,37,19,20,16,1,105,55,36,9.131812525,38,22.1
543,Sidewinder,13,2,36,14,8,88,8.774964387,183,14,37,19,23,17,2,99,59,36,9.472275733,48,25.56521739
544,Sidewinder,3,1,4,0,5,124,42.62581378,97,8,33,15,25,15,4,91,57,32,9.050966799,40,21.6
545,Sidewinder,5,0,0,0,8,124,21.34830204,135,12,37,17,21,15,2,106,54,36,9.820151432,38,24.57142857
546,Sidewinder,3,2,4,0,5,124,26.4907531,131,6,33,19,24,16,3,98,60,32,10.43997393,44,24.91666667
547,Sidewinder,5,0,0,0,6,124,35.64017708,107,9,37,21,19,13,2,99,53,36,8.81323608,36,23.89473684
548,Sidewinder,1,0,0,0,6,128,29.08989897,142,6,33,17,22,16,2,101,55,32,12.32782246,48,24.45454545
549,Sidewinder,9,2,40,14,6,88,21.59217965,148,8,33,25,24,22,0,89,69,32,8.245790172,38,24.91666667
550,Sidewinder,10,6,16,1.490711985,7,100,22.96403577,166,18,45,19,24,18,2,97,61,44,10.5115677,46,27.91666667
551,Sidewinder,7,2,10,3,6,106,21.58445943,170,10,45,20,20,18,0,98,56,44,14.50517149,54,32
552,Sidewinder,8,3,100,30.86889841,6,24,3.055050463,137,11,37,20,20,14,2,100,54,36,9.262289134,38,22.1
553,Sidewinder,8,5,36,6.76461381,8,88,10.53565375,192,20,37,17,26,22,1,94,64,36,10.83714847,40,24.30769231
554,Sidewinder,8,2,16,0,8,104,21.86321111,154,13,41,22,21,19,0,98,60,40,11.31210497,40,26.47619048
555,Sidewinder,9,1,24,0,6,100,21.68460796,143,7,37,23,17,13,1,106,52,36,10.02419219,38,23.52941176
556,Sidewinder,3,1,8,0,7,120,21.51032026,151,8,33,20,23,17,2,98,60,32,8.172062695,36,26
557,Sidewinder,11,1,2,0,4,118,20.70627924,128,3,41,23,23,15,3,92,62,40,11.78381191,44,22.52173913
558,Sidewinder,7,2,12,4,8,112,14.14213562,179,11,37,19,25,21,1,94,64,36,11.87023167,50,26.24
559,Sidewinder,13,3,64,24.5673677,8,60,5.074445783,163,13,37,20,21,17,1,101,57,36,9.281684107,38,23.42857143
560,Sidewinder,3,1,2,0,6,126,15.22060008,185,7,33,17,23,15,3,100,56,32,11.57208034,44,26
561,Sidewinder,5,1,14,0,8,114,17.98436821,168,12,33,19,22,16,2,102,58,32,10.2388823,40,22.27272727
562,Sidewinder,12,5,44,9.431860898,9,68,5.946261405,197,17,49,21,22,18,1,96,60,48,12.2322565,48,29.90909091
563,Sidewinder,7,4,36,6.557438524,7,84,12.9614814,175,14,41,17,25,19,2,95,61,40,10.5418025,40,23.52
564,Sidewinder,11,2,12,2,5,108,13.41044369,149,8,41,21,23,21,0,93,63,40,13.6651835,48,27.04347826
565,Sidewinder,4,0,0,0,5,124,40.66644809,96,5,37,21,19,15,1,104,54,36,12.46824221,48,32.73684211
566,Sidewinder,7,2,4,0,7,120,29.0980047,134,13,37,17,26,20,2,96,64,36,8.57683684,40,22.76923077
567,Sidewinder,9,3,10,1.885618083,6,114,15,177,10,37,22,19,17,0,103,57,36,11.57799039,42,23.05263158
568,Sidewinder,7,3,18,4.320493799,6,110,20.79796999,172,12,33,19,21,15,2,97,55,32,10.73447833,42,24.0952381
569,Sidewinder,8,2,12,0,7,112,15.41798579,169,11,37,20,22,16,2,100,58,36,9.489446073,42,23.63636364
570,Sidewinder,10,5,30,3.577708764,4,90,20.31624965,160,9,41,16,22,18,1,101,55,40,9.335350038,40,21.18181818
571,Sidewinder,7,2,60,28,8,68,7.921489759,164,12,33,15,25,17,3,98,58,32,6.917109223,34,22.56
572,Sidewinder,7,1,2,0,5,122,26.08907817,123,5,37,19,21,19,0,102,58,36,11.89370915,46,27.33333333
573,Sidewinder,7,2,40,14,8,88,10.77032961,189,14,33,22,18,14,1,103,53,32,8.279082671,32,20.88888889
574,Sidewinder,1,0,0,0,8,128,25.19920634,144,12,33,13,23,19,1,102,54,32,8.586268547,32,19.56521739
575,Sidewinder,7,2,6,1,7,118,17.29928629,149,12,37,20,24,20,1,95,63,36,14.0118997,52,29
576,Sidewinder,3,2,50,9,6,78,6.608075867,174,8,33,18,19,17,0,102,52,32,7.202646482,32,21.26315789
577,Sidewinder,9,3,14,2.494438258,9,110,20.1206239,171,15,37,20,25,17,3,93,63,36,8.550649098,38,21.92
578,Sidewinder,7,1,6,0,8,114,21.52759857,149,10,41,23,21,19,0,98,62,40,15.45030803,54,31.61904762
579,Sidewinder,9,6,28,2.748737084,9,88,12.76956258,176,21,45,17,27,19,3,94,64,44,12.57864151,44,27.33333333
580,Sidewinder,14,5,30,5.215361924,9,86,15.19584089,186,24,45,19,23,17,2,97,59,44,9.133332873,44,25.13043478
581,Sidewinder,3,5,14,0.979795897,8,114,18.28763243,179,15,33,17,26,16,4,98,62,32,6.585352223,34,20.69230769
582,Sidewinder,15,6,38,8.825468197,8,70,13.45130105,152,16,53,21,24,18,2,95,63,52,14.60950033,52,28.25
583,Sidewinder,7,2,16,0,10,100,18.71897433,162,16,45,22,21,15,2,100,58,44,11.26147689,44,27.52380952
584,Sidewinder,11,3,10,0.942809042,8,110,23.13952247,135,13,41,25,24,20,1,90,68,40,9.873857177,40,23.41666667
585,Sidewinder,15,3,34,6.599663291,7,86,10.92460245,183,14,41,24,21,17,1,98,62,40,10.7724348,42,24.95238095
586,Sidewinder,6,3,54,13.95229969,6,70,7.340905182,174,10,37,14,23,17,2,98,54,36,8.89425379,36,23.39130435
587,Sidewinder,9,4,42,11.52171862,8,86,16.7014221,169,14,33,21,25,17,3,95,65,32,8.914168497,38,22.24
588,Sidewinder,7,1,4,0,7,112,17.36992475,150,9,45,17,25,21,1,94,62,44,10.85880288,44,25.92
589,Sidewinder,7,2,18,5,6,106,26.51833747,132,8,37,20,20,14,2,105,55,36,9.099450533,42,22
590,Sidewinder,7,2,14,1,8,110,18.47802749,166,13,37,17,25,19,2,98,62,36,11.79722001,42,24.16
591,Sidewinder,7,3,6,0,8,114,15.73014622,188,15,41,20,20,18,0,103,57,40,13.83148582,50,29.3
592,Sidewinder,1,0,0,0,9,128,24.35742085,162,13,33,14,25,21,1,100,60,32,10.51140333,40,22.48
593,Sidewinder,5,3,12,1.632993162,8,112,17.23368794,167,13,37,25,20,14,2,100,60,36,9.065870063,42,24.1
594,Sidewinder,9,2,14,3,9,102,17.15290711,164,13,45,23,23,19,1,94,64,44,10.17502781,44,24.34782609
595,Sidewinder,9,3,10,0.942809042,8,110,18.50506687,158,17,41,24,26,18,3,89,69,40,10.74282477,42,21.23076923
596,Sidewinder,1,0,0,0,7,128,25.51030204,141,12,33,19,23,19,1,94,60,32,7.860792612,32,22.34782609
597,Sidewinder,10,2,78,37,8,42,2.989565186,138,10,41,20,21,19,0,101,59,40,10.9825671,42,23.04761905
598,Sidewinder,3,1,6,0,6,122,19.6440548,147,8,33,12,22,20,0,102,52,32,9.0731645,38,25.36363636
599,Sidewinder,9,2,8,2,7,112,15.41798579,171,12,41,23,19,15,1,103,57,40,9.407959146,46,22.73684211
